<?xml version="1.0" encoding="UTF-8"?>
<project-private xmlns="http://www.netbeans.org/ns/project-private/1">
    <editor-bookmarks xmlns="http://www.netbeans.org/ns/editor-bookmarks/2" lastBookmarkId="0"/>
    <open-files xmlns="http://www.netbeans.org/ns/projectui-open-files/2">
        <group>
            <file>file:/C:/Users/Wahid%20Ahmed/Documents/abcd/src/ActivityTracking.java</file>
            <file>file:/C:/Users/Wahid%20Ahmed/Documents/abcd/src/SearchAndLearn.java</file>
            <file>file:/C:/Users/Wahid%20Ahmed/Documents/abcd/src/RewardsAndChallenges.java</file>
            <file>file:/C:/Users/Wahid%20Ahmed/Documents/abcd/src/SkillAssessment.java</file>
            <file>file:/C:/Users/Wahid%20Ahmed/Documents/abcd/src/MainApp.java</file>
            <file>file:/C:/Users/Wahid%20Ahmed/Documents/abcd/src/Quiz.java</file>
        </group>
    </open-files>
</project-private>
